CREATE TABLE MST_ROLE(
	ROLE_ID INT AUTO_INCREMENT NOT NULL,
    ROLE_TYPE VARCHAR(25) NOT NULL,
    CONSTRAINT PK_MST_ROLE_ROLE_ID PRIMARY KEY(ROLE_ID)
);

INSERT INTO MST_ROLE(ROLE_ID, ROLE_TYPE) VALUES (1,"SHOUKAISHA");
INSERT INTO MST_ROLE(ROLE_ID, ROLE_TYPE) VALUES (2,"KANRISHA");

CREATE TABLE MST_USER(
	USER_ID INT AUTO_INCREMENT NOT NULL,
    LOGIN_ID VARCHAR(50) NOT NULL,
    LOGIN_PASSWORD VARCHAR(100) NOT NULL,
    NAME_MEI VARCHAR(50) NOT NULL,
    NAME_SEI VARCHAR(50) NOT NULL,
    MAIL_ADDRESS VARCHAR(50) NOT NULL,
    PHONE_NUMBER VARCHAR(20) NOT NULL,
    POST_NUMBER VARCHAR(10) NOT NULL,
    HOME_ADDRESS VARCHAR(100) NOT NULL,
    CONSTRAINT PK_MST_USER_USER_ID PRIMARY KEY(USER_ID),
    CONSTRAINT CHK_MST_USER_LOGIN_ID UNIQUE(LOGIN_ID),
    CONSTRAINT CHK_MST_USER_MAIL_ADDRESS UNIQUE(MAIL_ADDRESS),
    CONSTRAINT CHK_MST_USER_PHONE_NUMBER UNIQUE(MAIL_ADDRESS)
);

INSERT INTO MST_USER(USER_ID, LOGIN_ID, LOGIN_PASSWORD, NAME_MEI, NAME_SEI, MAIL_ADDRESS, PHONE_NUMBER, POST_NUMBER, HOME_ADDRESS)
VALUES(1, 'FCST0548','123456','田中','良平','tanaka_ryouhei@gmail.com','03-5783-4511','140-0002','東京都品川区東品川二丁目２番２８号Tビル８Ｆ');
INSERT INTO MST_USER(USER_ID, LOGIN_ID, LOGIN_PASSWORD, NAME_MEI, NAME_SEI, MAIL_ADDRESS, PHONE_NUMBER, POST_NUMBER, HOME_ADDRESS)
VALUES(2, 'FCST0648','123456','チャンズイ','キエム','tranduy_khiem@gmail.com','09-0914-7427','140-0002','東京都品川区東品川二丁目２番２８号Tビル８Ｆ');
INSERT INTO MST_USER(USER_ID, LOGIN_ID, LOGIN_PASSWORD, NAME_MEI, NAME_SEI, MAIL_ADDRESS, PHONE_NUMBER, POST_NUMBER, HOME_ADDRESS)
VALUES(3, 'FCST0748','123456','山田','山本','yamada_yamamoto@gmail.com','03-5783-4512','140-0002','東京都品川区東品川二丁目２番２８号Tビル８Ｆ');
INSERT INTO MST_USER(USER_ID, LOGIN_ID, LOGIN_PASSWORD, NAME_MEI, NAME_SEI, MAIL_ADDRESS, PHONE_NUMBER, POST_NUMBER, HOME_ADDRESS)
VALUES(4, 'FCST0848','123456','鈴木','塚本','suzuki_tsukamoto@gmail.com','03-5783-4513','140-0002','東京都品川区東品川二丁目２番２８号Tビル８Ｆ');

CREATE TABLE KENRI(
	USER_ID INT NOT NULL,
    ROLE_ID INT NOT NULL,
	CONSTRAINT PK_KENRI_USER_ID_ROLE_ID PRIMARY KEY(USER_ID, ROLE_ID),
    CONSTRAINT FK_KENRI_USER_ID FOREIGN KEY(USER_ID) REFERENCES MST_USER(USER_ID),
    CONSTRAINT FK_KENRI_ROLE_ID FOREIGN KEY(ROLE_ID) REFERENCES MST_ROLE(ROLE_ID)
);

INSERT INTO KENRI(USER_ID, ROLE_ID) VALUES (1,1);
INSERT INTO KENRI(USER_ID, ROLE_ID) VALUES (2,1);
INSERT INTO KENRI(USER_ID, ROLE_ID) VALUES (2,2);
INSERT INTO KENRI(USER_ID, ROLE_ID) VALUES (3,1);
INSERT INTO KENRI(USER_ID, ROLE_ID) VALUES (4,1);

Create table remember_login(
	SERIES_NUMBER varchar(64) not null,
    LOGIN_ID varchar(50) not null,
    TOKEN_CODE varchar(64) not null,
    LAST_USED timestamp not null,
    Constraint PK_remember_login primary key(SERIES_NUMBER)
)
